subjectCode,featureName,featureValue,recordedAt,unit
DEMO-001,APOE_E4_COUNT,1,2025-01-01,count
DEMO-001,MRI_HIPPOCAMPUS_L,0.35,2025-01-01,normalized
DEMO-001,MRI_HIPPOCAMPUS_R,0.36,2025-01-01,normalized
DEMO-002,APOE_E4_COUNT,1,2025-01-01,count
DEMO-002,MRI_HIPPOCAMPUS_L,0.35,2025-01-01,normalized
DEMO-002,MRI_HIPPOCAMPUS_R,0.36,2025-01-01,normalized
DEMO-003,APOE_E4_COUNT,1,2025-01-01,count
DEMO-003,MRI_HIPPOCAMPUS_L,0.35,2025-01-01,normalized
DEMO-003,MRI_HIPPOCAMPUS_R,0.36,2025-01-01,normalized
DEMO-004,APOE_E4_COUNT,1,2025-01-01,count
DEMO-004,MRI_HIPPOCAMPUS_L,0.35,2025-01-01,normalized
DEMO-004,MRI_HIPPOCAMPUS_R,0.36,2025-01-01,normalized
DEMO-005,APOE_E4_COUNT,1,2025-01-01,count
DEMO-005,MRI_HIPPOCAMPUS_L,0.35,2025-01-01,normalized
DEMO-005,MRI_HIPPOCAMPUS_R,0.36,2025-01-01,normalized
DEMO-006,APOE_E4_COUNT,1,2025-01-01,count
DEMO-006,MRI_HIPPOCAMPUS_L,0.35,2025-01-01,normalized
DEMO-006,MRI_HIPPOCAMPUS_R,0.36,2025-01-01,normalized
DEMO-007,APOE_E4_COUNT,1,2025-01-01,count
DEMO-007,MRI_HIPPOCAMPUS_L,0.35,2025-01-01,normalized
DEMO-007,MRI_HIPPOCAMPUS_R,0.36,2025-01-01,normalized
DEMO-008,APOE_E4_COUNT,1,2025-01-01,count
DEMO-008,MRI_HIPPOCAMPUS_L,0.35,2025-01-01,normalized
DEMO-008,MRI_HIPPOCAMPUS_R,0.36,2025-01-01,normalized
DEMO-009,APOE_E4_COUNT,1,2025-01-01,count
DEMO-009,MRI_HIPPOCAMPUS_L,0.35,2025-01-01,normalized
DEMO-009,MRI_HIPPOCAMPUS_R,0.36,2025-01-01,normalized
DEMO-010,APOE_E4_COUNT,1,2025-01-01,count
DEMO-010,MRI_HIPPOCAMPUS_L,0.35,2025-01-01,normalized
DEMO-010,MRI_HIPPOCAMPUS_R,0.36,2025-01-01,normalized
DEMO-011,APOE_E4_COUNT,1,2025-01-01,count
DEMO-011,MRI_HIPPOCAMPUS_L,0.35,2025-01-01,normalized
DEMO-011,MRI_HIPPOCAMPUS_R,0.36,2025-01-01,normalized
DEMO-012,APOE_E4_COUNT,1,2025-01-01,count
DEMO-012,MRI_HIPPOCAMPUS_L,0.35,2025-01-01,normalized
DEMO-012,MRI_HIPPOCAMPUS_R,0.36,2025-01-01,normalized
DEMO-013,APOE_E4_COUNT,1,2025-01-01,count
DEMO-013,MRI_HIPPOCAMPUS_L,0.35,2025-01-01,normalized
DEMO-013,MRI_HIPPOCAMPUS_R,0.36,2025-01-01,normalized
DEMO-014,APOE_E4_COUNT,1,2025-01-01,count
DEMO-014,MRI_HIPPOCAMPUS_L,0.35,2025-01-01,normalized
DEMO-014,MRI_HIPPOCAMPUS_R,0.36,2025-01-01,normalized
DEMO-015,APOE_E4_COUNT,1,2025-01-01,count
DEMO-015,MRI_HIPPOCAMPUS_L,0.35,2025-01-01,normalized
DEMO-015,MRI_HIPPOCAMPUS_R,0.36,2025-01-01,normalized
DEMO-016,APOE_E4_COUNT,1,2025-01-01,count
DEMO-016,MRI_HIPPOCAMPUS_L,0.35,2025-01-01,normalized
DEMO-016,MRI_HIPPOCAMPUS_R,0.36,2025-01-01,normalized
DEMO-017,APOE_E4_COUNT,1,2025-01-01,count
DEMO-017,MRI_HIPPOCAMPUS_L,0.35,2025-01-01,normalized
DEMO-017,MRI_HIPPOCAMPUS_R,0.36,2025-01-01,normalized
DEMO-018,APOE_E4_COUNT,1,2025-01-01,count
DEMO-018,MRI_HIPPOCAMPUS_L,0.35,2025-01-01,normalized
DEMO-018,MRI_HIPPOCAMPUS_R,0.36,2025-01-01,normalized
DEMO-019,APOE_E4_COUNT,1,2025-01-01,count
DEMO-019,MRI_HIPPOCAMPUS_L,0.35,2025-01-01,normalized
DEMO-019,MRI_HIPPOCAMPUS_R,0.36,2025-01-01,normalized
DEMO-020,APOE_E4_COUNT,1,2025-01-01,count
DEMO-020,MRI_HIPPOCAMPUS_L,0.35,2025-01-01,normalized
DEMO-020,MRI_HIPPOCAMPUS_R,0.36,2025-01-01,normalized
DEMO-021,APOE_E4_COUNT,1,2025-01-01,count
DEMO-021,MRI_HIPPOCAMPUS_L,0.35,2025-01-01,normalized
DEMO-021,MRI_HIPPOCAMPUS_R,0.36,2025-01-01,normalized
DEMO-022,APOE_E4_COUNT,1,2025-01-01,count
DEMO-022,MRI_HIPPOCAMPUS_L,0.35,2025-01-01,normalized
DEMO-022,MRI_HIPPOCAMPUS_R,0.36,2025-01-01,normalized
DEMO-023,APOE_E4_COUNT,1,2025-01-01,count
DEMO-023,MRI_HIPPOCAMPUS_L,0.35,2025-01-01,normalized
DEMO-023,MRI_HIPPOCAMPUS_R,0.36,2025-01-01,normalized
DEMO-024,APOE_E4_COUNT,1,2025-01-01,count
DEMO-024,MRI_HIPPOCAMPUS_L,0.35,2025-01-01,normalized
DEMO-024,MRI_HIPPOCAMPUS_R,0.36,2025-01-01,normalized
DEMO-025,APOE_E4_COUNT,1,2025-01-01,count
DEMO-025,MRI_HIPPOCAMPUS_L,0.35,2025-01-01,normalized
DEMO-025,MRI_HIPPOCAMPUS_R,0.36,2025-01-01,normalized
DEMO-026,APOE_E4_COUNT,1,2025-01-01,count
DEMO-026,MRI_HIPPOCAMPUS_L,0.35,2025-01-01,normalized
DEMO-026,MRI_HIPPOCAMPUS_R,0.36,2025-01-01,normalized
DEMO-027,APOE_E4_COUNT,1,2025-01-01,count
DEMO-027,MRI_HIPPOCAMPUS_L,0.35,2025-01-01,normalized
DEMO-027,MRI_HIPPOCAMPUS_R,0.36,2025-01-01,normalized
DEMO-028,APOE_E4_COUNT,1,2025-01-01,count
DEMO-028,MRI_HIPPOCAMPUS_L,0.35,2025-01-01,normalized
DEMO-028,MRI_HIPPOCAMPUS_R,0.36,2025-01-01,normalized
DEMO-029,APOE_E4_COUNT,1,2025-01-01,count
DEMO-029,MRI_HIPPOCAMPUS_L,0.35,2025-01-01,normalized
DEMO-029,MRI_HIPPOCAMPUS_R,0.36,2025-01-01,normalized
DEMO-030,APOE_E4_COUNT,1,2025-01-01,count
DEMO-030,MRI_HIPPOCAMPUS_L,0.35,2025-01-01,normalized
DEMO-030,MRI_HIPPOCAMPUS_R,0.36,2025-01-01,normalized
DEMO-031,APOE_E4_COUNT,1,2025-01-01,count
DEMO-031,MRI_HIPPOCAMPUS_L,0.35,2025-01-01,normalized
DEMO-031,MRI_HIPPOCAMPUS_R,0.36,2025-01-01,normalized
DEMO-032,APOE_E4_COUNT,1,2025-01-01,count
DEMO-032,MRI_HIPPOCAMPUS_L,0.35,2025-01-01,normalized
DEMO-032,MRI_HIPPOCAMPUS_R,0.36,2025-01-01,normalized
DEMO-033,APOE_E4_COUNT,1,2025-01-01,count
DEMO-033,MRI_HIPPOCAMPUS_L,0.35,2025-01-01,normalized
DEMO-033,MRI_HIPPOCAMPUS_R,0.36,2025-01-01,normalized
DEMO-034,APOE_E4_COUNT,1,2025-01-01,count
DEMO-034,MRI_HIPPOCAMPUS_L,0.35,2025-01-01,normalized
DEMO-034,MRI_HIPPOCAMPUS_R,0.36,2025-01-01,normalized
DEMO-035,APOE_E4_COUNT,1,2025-01-01,count
DEMO-035,MRI_HIPPOCAMPUS_L,0.35,2025-01-01,normalized
DEMO-035,MRI_HIPPOCAMPUS_R,0.36,2025-01-01,normalized
DEMO-036,APOE_E4_COUNT,1,2025-01-01,count
DEMO-036,MRI_HIPPOCAMPUS_L,0.35,2025-01-01,normalized
DEMO-036,MRI_HIPPOCAMPUS_R,0.36,2025-01-01,normalized
DEMO-037,APOE_E4_COUNT,1,2025-01-01,count
DEMO-037,MRI_HIPPOCAMPUS_L,0.35,2025-01-01,normalized
DEMO-037,MRI_HIPPOCAMPUS_R,0.36,2025-01-01,normalized
DEMO-038,APOE_E4_COUNT,1,2025-01-01,count
DEMO-038,MRI_HIPPOCAMPUS_L,0.35,2025-01-01,normalized
DEMO-038,MRI_HIPPOCAMPUS_R,0.36,2025-01-01,normalized
DEMO-039,APOE_E4_COUNT,1,2025-01-01,count
DEMO-039,MRI_HIPPOCAMPUS_L,0.35,2025-01-01,normalized
DEMO-039,MRI_HIPPOCAMPUS_R,0.36,2025-01-01,normalized
DEMO-040,APOE_E4_COUNT,1,2025-01-01,count
DEMO-040,MRI_HIPPOCAMPUS_L,0.35,2025-01-01,normalized
DEMO-040,MRI_HIPPOCAMPUS_R,0.36,2025-01-01,normalized
DEMO-041,APOE_E4_COUNT,1,2025-01-01,count
DEMO-041,MRI_HIPPOCAMPUS_L,0.35,2025-01-01,normalized
DEMO-041,MRI_HIPPOCAMPUS_R,0.36,2025-01-01,normalized
DEMO-042,APOE_E4_COUNT,1,2025-01-01,count
DEMO-042,MRI_HIPPOCAMPUS_L,0.35,2025-01-01,normalized
DEMO-042,MRI_HIPPOCAMPUS_R,0.36,2025-01-01,normalized
DEMO-043,APOE_E4_COUNT,1,2025-01-01,count
DEMO-043,MRI_HIPPOCAMPUS_L,0.35,2025-01-01,normalized
DEMO-043,MRI_HIPPOCAMPUS_R,0.36,2025-01-01,normalized
DEMO-044,APOE_E4_COUNT,1,2025-01-01,count
DEMO-044,MRI_HIPPOCAMPUS_L,0.35,2025-01-01,normalized
DEMO-044,MRI_HIPPOCAMPUS_R,0.36,2025-01-01,normalized
DEMO-045,APOE_E4_COUNT,1,2025-01-01,count
DEMO-045,MRI_HIPPOCAMPUS_L,0.35,2025-01-01,normalized
DEMO-045,MRI_HIPPOCAMPUS_R,0.36,2025-01-01,normalized
DEMO-046,APOE_E4_COUNT,1,2025-01-01,count
DEMO-046,MRI_HIPPOCAMPUS_L,0.35,2025-01-01,normalized
DEMO-046,MRI_HIPPOCAMPUS_R,0.36,2025-01-01,normalized
DEMO-047,APOE_E4_COUNT,1,2025-01-01,count
DEMO-047,MRI_HIPPOCAMPUS_L,0.35,2025-01-01,normalized
DEMO-047,MRI_HIPPOCAMPUS_R,0.36,2025-01-01,normalized
DEMO-048,APOE_E4_COUNT,1,2025-01-01,count
DEMO-048,MRI_HIPPOCAMPUS_L,0.35,2025-01-01,normalized
DEMO-048,MRI_HIPPOCAMPUS_R,0.36,2025-01-01,normalized
DEMO-049,APOE_E4_COUNT,1,2025-01-01,count
DEMO-049,MRI_HIPPOCAMPUS_L,0.35,2025-01-01,normalized
DEMO-049,MRI_HIPPOCAMPUS_R,0.36,2025-01-01,normalized
DEMO-050,APOE_E4_COUNT,1,2025-01-01,count
DEMO-050,MRI_HIPPOCAMPUS_L,0.35,2025-01-01,normalized
DEMO-050,MRI_HIPPOCAMPUS_R,0.36,2025-01-01,normalized
DEMO-051,APOE_E4_COUNT,1,2025-01-01,count
DEMO-051,MRI_HIPPOCAMPUS_L,0.35,2025-01-01,normalized
DEMO-051,MRI_HIPPOCAMPUS_R,0.36,2025-01-01,normalized
DEMO-052,APOE_E4_COUNT,1,2025-01-01,count
DEMO-052,MRI_HIPPOCAMPUS_L,0.35,2025-01-01,normalized
DEMO-052,MRI_HIPPOCAMPUS_R,0.36,2025-01-01,normalized
DEMO-053,APOE_E4_COUNT,1,2025-01-01,count
DEMO-053,MRI_HIPPOCAMPUS_L,0.35,2025-01-01,normalized
DEMO-053,MRI_HIPPOCAMPUS_R,0.36,2025-01-01,normalized
DEMO-054,APOE_E4_COUNT,1,2025-01-01,count
DEMO-054,MRI_HIPPOCAMPUS_L,0.35,2025-01-01,normalized
DEMO-054,MRI_HIPPOCAMPUS_R,0.36,2025-01-01,normalized
DEMO-055,APOE_E4_COUNT,1,2025-01-01,count
DEMO-055,MRI_HIPPOCAMPUS_L,0.35,2025-01-01,normalized
DEMO-055,MRI_HIPPOCAMPUS_R,0.36,2025-01-01,normalized
DEMO-056,APOE_E4_COUNT,1,2025-01-01,count
DEMO-056,MRI_HIPPOCAMPUS_L,0.35,2025-01-01,normalized
DEMO-056,MRI_HIPPOCAMPUS_R,0.36,2025-01-01,normalized
DEMO-057,APOE_E4_COUNT,1,2025-01-01,count
DEMO-057,MRI_HIPPOCAMPUS_L,0.35,2025-01-01,normalized
DEMO-057,MRI_HIPPOCAMPUS_R,0.36,2025-01-01,normalized
DEMO-058,APOE_E4_COUNT,1,2025-01-01,count
DEMO-058,MRI_HIPPOCAMPUS_L,0.35,2025-01-01,normalized
DEMO-058,MRI_HIPPOCAMPUS_R,0.36,2025-01-01,normalized
DEMO-059,APOE_E4_COUNT,1,2025-01-01,count
DEMO-059,MRI_HIPPOCAMPUS_L,0.35,2025-01-01,normalized
DEMO-059,MRI_HIPPOCAMPUS_R,0.36,2025-01-01,normalized
DEMO-060,APOE_E4_COUNT,1,2025-01-01,count
DEMO-060,MRI_HIPPOCAMPUS_L,0.35,2025-01-01,normalized
DEMO-060,MRI_HIPPOCAMPUS_R,0.36,2025-01-01,normalized
DEMO-061,APOE_E4_COUNT,1,2025-01-01,count
DEMO-061,MRI_HIPPOCAMPUS_L,0.35,2025-01-01,normalized
DEMO-061,MRI_HIPPOCAMPUS_R,0.36,2025-01-01,normalized
DEMO-062,APOE_E4_COUNT,1,2025-01-01,count
DEMO-062,MRI_HIPPOCAMPUS_L,0.35,2025-01-01,normalized
DEMO-062,MRI_HIPPOCAMPUS_R,0.36,2025-01-01,normalized
DEMO-063,APOE_E4_COUNT,1,2025-01-01,count
DEMO-063,MRI_HIPPOCAMPUS_L,0.35,2025-01-01,normalized
DEMO-063,MRI_HIPPOCAMPUS_R,0.36,2025-01-01,normalized
DEMO-064,APOE_E4_COUNT,1,2025-01-01,count
DEMO-064,MRI_HIPPOCAMPUS_L,0.35,2025-01-01,normalized
DEMO-064,MRI_HIPPOCAMPUS_R,0.36,2025-01-01,normalized
DEMO-065,APOE_E4_COUNT,1,2025-01-01,count
DEMO-065,MRI_HIPPOCAMPUS_L,0.35,2025-01-01,normalized
DEMO-065,MRI_HIPPOCAMPUS_R,0.36,2025-01-01,normalized
DEMO-066,APOE_E4_COUNT,1,2025-01-01,count
DEMO-066,MRI_HIPPOCAMPUS_L,0.35,2025-01-01,normalized
DEMO-066,MRI_HIPPOCAMPUS_R,0.36,2025-01-01,normalized
DEMO-067,APOE_E4_COUNT,1,2025-01-01,count
DEMO-067,MRI_HIPPOCAMPUS_L,0.35,2025-01-01,normalized
DEMO-067,MRI_HIPPOCAMPUS_R,0.36,2025-01-01,normalized
DEMO-068,APOE_E4_COUNT,1,2025-01-01,count
DEMO-068,MRI_HIPPOCAMPUS_L,0.35,2025-01-01,normalized
DEMO-068,MRI_HIPPOCAMPUS_R,0.36,2025-01-01,normalized
DEMO-069,APOE_E4_COUNT,1,2025-01-01,count
DEMO-069,MRI_HIPPOCAMPUS_L,0.35,2025-01-01,normalized
DEMO-069,MRI_HIPPOCAMPUS_R,0.36,2025-01-01,normalized
DEMO-070,APOE_E4_COUNT,1,2025-01-01,count
DEMO-070,MRI_HIPPOCAMPUS_L,0.35,2025-01-01,normalized
DEMO-070,MRI_HIPPOCAMPUS_R,0.36,2025-01-01,normalized
DEMO-071,APOE_E4_COUNT,1,2025-01-01,count
DEMO-071,MRI_HIPPOCAMPUS_L,0.35,2025-01-01,normalized
DEMO-071,MRI_HIPPOCAMPUS_R,0.36,2025-01-01,normalized
DEMO-072,APOE_E4_COUNT,1,2025-01-01,count
DEMO-072,MRI_HIPPOCAMPUS_L,0.35,2025-01-01,normalized
DEMO-072,MRI_HIPPOCAMPUS_R,0.36,2025-01-01,normalized
DEMO-073,APOE_E4_COUNT,1,2025-01-01,count
DEMO-073,MRI_HIPPOCAMPUS_L,0.35,2025-01-01,normalized
DEMO-073,MRI_HIPPOCAMPUS_R,0.36,2025-01-01,normalized
DEMO-074,APOE_E4_COUNT,1,2025-01-01,count
DEMO-074,MRI_HIPPOCAMPUS_L,0.35,2025-01-01,normalized
DEMO-074,MRI_HIPPOCAMPUS_R,0.36,2025-01-01,normalized
DEMO-075,APOE_E4_COUNT,1,2025-01-01,count
DEMO-075,MRI_HIPPOCAMPUS_L,0.35,2025-01-01,normalized
DEMO-075,MRI_HIPPOCAMPUS_R,0.36,2025-01-01,normalized
DEMO-076,APOE_E4_COUNT,1,2025-01-01,count
DEMO-076,MRI_HIPPOCAMPUS_L,0.35,2025-01-01,normalized
DEMO-076,MRI_HIPPOCAMPUS_R,0.36,2025-01-01,normalized
DEMO-077,APOE_E4_COUNT,1,2025-01-01,count
DEMO-077,MRI_HIPPOCAMPUS_L,0.35,2025-01-01,normalized
DEMO-077,MRI_HIPPOCAMPUS_R,0.36,2025-01-01,normalized
DEMO-078,APOE_E4_COUNT,1,2025-01-01,count
DEMO-078,MRI_HIPPOCAMPUS_L,0.35,2025-01-01,normalized
DEMO-078,MRI_HIPPOCAMPUS_R,0.36,2025-01-01,normalized
DEMO-079,APOE_E4_COUNT,1,2025-01-01,count
DEMO-079,MRI_HIPPOCAMPUS_L,0.35,2025-01-01,normalized
DEMO-079,MRI_HIPPOCAMPUS_R,0.36,2025-01-01,normalized
DEMO-080,APOE_E4_COUNT,1,2025-01-01,count
DEMO-080,MRI_HIPPOCAMPUS_L,0.35,2025-01-01,normalized
DEMO-080,MRI_HIPPOCAMPUS_R,0.36,2025-01-01,normalized
DEMO-081,APOE_E4_COUNT,1,2025-01-01,count
DEMO-081,MRI_HIPPOCAMPUS_L,0.35,2025-01-01,normalized
DEMO-081,MRI_HIPPOCAMPUS_R,0.36,2025-01-01,normalized
DEMO-082,APOE_E4_COUNT,1,2025-01-01,count
DEMO-082,MRI_HIPPOCAMPUS_L,0.35,2025-01-01,normalized
DEMO-082,MRI_HIPPOCAMPUS_R,0.36,2025-01-01,normalized
DEMO-083,APOE_E4_COUNT,1,2025-01-01,count
DEMO-083,MRI_HIPPOCAMPUS_L,0.35,2025-01-01,normalized
DEMO-083,MRI_HIPPOCAMPUS_R,0.36,2025-01-01,normalized
DEMO-084,APOE_E4_COUNT,1,2025-01-01,count
DEMO-084,MRI_HIPPOCAMPUS_L,0.35,2025-01-01,normalized
DEMO-084,MRI_HIPPOCAMPUS_R,0.36,2025-01-01,normalized
DEMO-085,APOE_E4_COUNT,1,2025-01-01,count
DEMO-085,MRI_HIPPOCAMPUS_L,0.35,2025-01-01,normalized
DEMO-085,MRI_HIPPOCAMPUS_R,0.36,2025-01-01,normalized
DEMO-086,APOE_E4_COUNT,1,2025-01-01,count
DEMO-086,MRI_HIPPOCAMPUS_L,0.35,2025-01-01,normalized
DEMO-086,MRI_HIPPOCAMPUS_R,0.36,2025-01-01,normalized
DEMO-087,APOE_E4_COUNT,1,2025-01-01,count
DEMO-087,MRI_HIPPOCAMPUS_L,0.35,2025-01-01,normalized
DEMO-087,MRI_HIPPOCAMPUS_R,0.36,2025-01-01,normalized
DEMO-088,APOE_E4_COUNT,1,2025-01-01,count
DEMO-088,MRI_HIPPOCAMPUS_L,0.35,2025-01-01,normalized
DEMO-088,MRI_HIPPOCAMPUS_R,0.36,2025-01-01,normalized
DEMO-089,APOE_E4_COUNT,1,2025-01-01,count
DEMO-089,MRI_HIPPOCAMPUS_L,0.35,2025-01-01,normalized
DEMO-089,MRI_HIPPOCAMPUS_R,0.36,2025-01-01,normalized
DEMO-090,APOE_E4_COUNT,1,2025-01-01,count
DEMO-090,MRI_HIPPOCAMPUS_L,0.35,2025-01-01,normalized
DEMO-090,MRI_HIPPOCAMPUS_R,0.36,2025-01-01,normalized
DEMO-091,APOE_E4_COUNT,1,2025-01-01,count
DEMO-091,MRI_HIPPOCAMPUS_L,0.35,2025-01-01,normalized
DEMO-091,MRI_HIPPOCAMPUS_R,0.36,2025-01-01,normalized
DEMO-092,APOE_E4_COUNT,1,2025-01-01,count
DEMO-092,MRI_HIPPOCAMPUS_L,0.35,2025-01-01,normalized
DEMO-092,MRI_HIPPOCAMPUS_R,0.36,2025-01-01,normalized
DEMO-093,APOE_E4_COUNT,1,2025-01-01,count
DEMO-093,MRI_HIPPOCAMPUS_L,0.35,2025-01-01,normalized
DEMO-093,MRI_HIPPOCAMPUS_R,0.36,2025-01-01,normalized
DEMO-094,APOE_E4_COUNT,1,2025-01-01,count
DEMO-094,MRI_HIPPOCAMPUS_L,0.35,2025-01-01,normalized
DEMO-094,MRI_HIPPOCAMPUS_R,0.36,2025-01-01,normalized
DEMO-095,APOE_E4_COUNT,1,2025-01-01,count
DEMO-095,MRI_HIPPOCAMPUS_L,0.35,2025-01-01,normalized
DEMO-095,MRI_HIPPOCAMPUS_R,0.36,2025-01-01,normalized
DEMO-096,APOE_E4_COUNT,1,2025-01-01,count
DEMO-096,MRI_HIPPOCAMPUS_L,0.35,2025-01-01,normalized
DEMO-096,MRI_HIPPOCAMPUS_R,0.36,2025-01-01,normalized
DEMO-097,APOE_E4_COUNT,1,2025-01-01,count
DEMO-097,MRI_HIPPOCAMPUS_L,0.35,2025-01-01,normalized
DEMO-097,MRI_HIPPOCAMPUS_R,0.36,2025-01-01,normalized
DEMO-098,APOE_E4_COUNT,1,2025-01-01,count
DEMO-098,MRI_HIPPOCAMPUS_L,0.35,2025-01-01,normalized
DEMO-098,MRI_HIPPOCAMPUS_R,0.36,2025-01-01,normalized
DEMO-099,APOE_E4_COUNT,1,2025-01-01,count
DEMO-099,MRI_HIPPOCAMPUS_L,0.35,2025-01-01,normalized
DEMO-099,MRI_HIPPOCAMPUS_R,0.36,2025-01-01,normalized
DEMO-100,APOE_E4_COUNT,1,2025-01-01,count
DEMO-100,MRI_HIPPOCAMPUS_L,0.35,2025-01-01,normalized
DEMO-100,MRI_HIPPOCAMPUS_R,0.36,2025-01-01,normalized
