subjectCode,alias,status
DEMO-001,合成档案001,ACTIVE
DEMO-002,合成档案002,ACTIVE
DEMO-003,合成档案003,ACTIVE
DEMO-004,合成档案004,ACTIVE
DEMO-005,合成档案005,ACTIVE
DEMO-006,合成档案006,ACTIVE
DEMO-007,合成档案007,ACTIVE
DEMO-008,合成档案008,ACTIVE
DEMO-009,合成档案009,ACTIVE
DEMO-010,合成档案010,ACTIVE
DEMO-011,合成档案011,ACTIVE
DEMO-012,合成档案012,ACTIVE
DEMO-013,合成档案013,ACTIVE
DEMO-014,合成档案014,ACTIVE
DEMO-015,合成档案015,ACTIVE
DEMO-016,合成档案016,ACTIVE
DEMO-017,合成档案017,ACTIVE
DEMO-018,合成档案018,ACTIVE
DEMO-019,合成档案019,ACTIVE
DEMO-020,合成档案020,ACTIVE
DEMO-021,合成档案021,ACTIVE
DEMO-022,合成档案022,ACTIVE
DEMO-023,合成档案023,ACTIVE
DEMO-024,合成档案024,ACTIVE
DEMO-025,合成档案025,ACTIVE
DEMO-026,合成档案026,ACTIVE
DEMO-027,合成档案027,ACTIVE
DEMO-028,合成档案028,ACTIVE
DEMO-029,合成档案029,ACTIVE
DEMO-030,合成档案030,ACTIVE
DEMO-031,合成档案031,ACTIVE
DEMO-032,合成档案032,ACTIVE
DEMO-033,合成档案033,ACTIVE
DEMO-034,合成档案034,ACTIVE
DEMO-035,合成档案035,ACTIVE
DEMO-036,合成档案036,ACTIVE
DEMO-037,合成档案037,ACTIVE
DEMO-038,合成档案038,ACTIVE
DEMO-039,合成档案039,ACTIVE
DEMO-040,合成档案040,ACTIVE
DEMO-041,合成档案041,ACTIVE
DEMO-042,合成档案042,ACTIVE
DEMO-043,合成档案043,ACTIVE
DEMO-044,合成档案044,ACTIVE
DEMO-045,合成档案045,ACTIVE
DEMO-046,合成档案046,ACTIVE
DEMO-047,合成档案047,ACTIVE
DEMO-048,合成档案048,ACTIVE
DEMO-049,合成档案049,ACTIVE
DEMO-050,合成档案050,ACTIVE
DEMO-051,合成档案051,ACTIVE
DEMO-052,合成档案052,ACTIVE
DEMO-053,合成档案053,ACTIVE
DEMO-054,合成档案054,ACTIVE
DEMO-055,合成档案055,ACTIVE
DEMO-056,合成档案056,ACTIVE
DEMO-057,合成档案057,ACTIVE
DEMO-058,合成档案058,ACTIVE
DEMO-059,合成档案059,ACTIVE
DEMO-060,合成档案060,ACTIVE
DEMO-061,合成档案061,ACTIVE
DEMO-062,合成档案062,ACTIVE
DEMO-063,合成档案063,ACTIVE
DEMO-064,合成档案064,ACTIVE
DEMO-065,合成档案065,ACTIVE
DEMO-066,合成档案066,ACTIVE
DEMO-067,合成档案067,ACTIVE
DEMO-068,合成档案068,ACTIVE
DEMO-069,合成档案069,ACTIVE
DEMO-070,合成档案070,ACTIVE
DEMO-071,合成档案071,ACTIVE
DEMO-072,合成档案072,ACTIVE
DEMO-073,合成档案073,ACTIVE
DEMO-074,合成档案074,ACTIVE
DEMO-075,合成档案075,ACTIVE
DEMO-076,合成档案076,ACTIVE
DEMO-077,合成档案077,ACTIVE
DEMO-078,合成档案078,ACTIVE
DEMO-079,合成档案079,ACTIVE
DEMO-080,合成档案080,ACTIVE
DEMO-081,合成档案081,ACTIVE
DEMO-082,合成档案082,ACTIVE
DEMO-083,合成档案083,ACTIVE
DEMO-084,合成档案084,ACTIVE
DEMO-085,合成档案085,ACTIVE
DEMO-086,合成档案086,ACTIVE
DEMO-087,合成档案087,ACTIVE
DEMO-088,合成档案088,ACTIVE
DEMO-089,合成档案089,ACTIVE
DEMO-090,合成档案090,ACTIVE
DEMO-091,合成档案091,ACTIVE
DEMO-092,合成档案092,ACTIVE
DEMO-093,合成档案093,ACTIVE
DEMO-094,合成档案094,ACTIVE
DEMO-095,合成档案095,ACTIVE
DEMO-096,合成档案096,ACTIVE
DEMO-097,合成档案097,ACTIVE
DEMO-098,合成档案098,ACTIVE
DEMO-099,合成档案099,ACTIVE
DEMO-100,合成档案100,ACTIVE
