subjectCode,visitCode,visitDate,mmse,moca,cdrSb
DEMO-001,BL,2025-01-01,28,25,0.5
DEMO-001,M12,2026-01-01,25,22,1.5
DEMO-002,BL,2025-01-01,28,25,0.5
DEMO-002,M12,2026-01-01,25,22,1.5
DEMO-003,BL,2025-01-01,28,25,0.5
DEMO-003,M12,2026-01-01,25,22,1.5
DEMO-004,BL,2025-01-01,28,25,0.5
DEMO-004,M12,2026-01-01,25,22,1.5
DEMO-005,BL,2025-01-01,28,25,0.5
DEMO-005,M12,2026-01-01,25,22,1.5
DEMO-006,BL,2025-01-01,28,25,0.5
DEMO-006,M12,2026-01-01,25,22,1.5
DEMO-007,BL,2025-01-01,28,25,0.5
DEMO-007,M12,2026-01-01,25,22,1.5
DEMO-008,BL,2025-01-01,28,25,0.5
DEMO-008,M12,2026-01-01,25,22,1.5
DEMO-009,BL,2025-01-01,28,25,0.5
DEMO-009,M12,2026-01-01,25,22,1.5
DEMO-010,BL,2025-01-01,28,25,0.5
DEMO-010,M12,2026-01-01,25,22,1.5
DEMO-011,BL,2025-01-01,28,25,0.5
DEMO-011,M12,2026-01-01,25,22,1.5
DEMO-012,BL,2025-01-01,28,25,0.5
DEMO-012,M12,2026-01-01,25,22,1.5
DEMO-013,BL,2025-01-01,28,25,0.5
DEMO-013,M12,2026-01-01,25,22,1.5
DEMO-014,BL,2025-01-01,28,25,0.5
DEMO-014,M12,2026-01-01,25,22,1.5
DEMO-015,BL,2025-01-01,28,25,0.5
DEMO-015,M12,2026-01-01,25,22,1.5
DEMO-016,BL,2025-01-01,28,25,0.5
DEMO-016,M12,2026-01-01,25,22,1.5
DEMO-017,BL,2025-01-01,28,25,0.5
DEMO-017,M12,2026-01-01,25,22,1.5
DEMO-018,BL,2025-01-01,28,25,0.5
DEMO-018,M12,2026-01-01,25,22,1.5
DEMO-019,BL,2025-01-01,28,25,0.5
DEMO-019,M12,2026-01-01,25,22,1.5
DEMO-020,BL,2025-01-01,28,25,0.5
DEMO-020,M12,2026-01-01,25,22,1.5
DEMO-021,BL,2025-01-01,28,25,0.5
DEMO-021,M12,2026-01-01,25,22,1.5
DEMO-022,BL,2025-01-01,28,25,0.5
DEMO-022,M12,2026-01-01,25,22,1.5
DEMO-023,BL,2025-01-01,28,25,0.5
DEMO-023,M12,2026-01-01,25,22,1.5
DEMO-024,BL,2025-01-01,28,25,0.5
DEMO-024,M12,2026-01-01,25,22,1.5
DEMO-025,BL,2025-01-01,28,25,0.5
DEMO-025,M12,2026-01-01,25,22,1.5
DEMO-026,BL,2025-01-01,28,25,0.5
DEMO-026,M12,2026-01-01,25,22,1.5
DEMO-027,BL,2025-01-01,28,25,0.5
DEMO-027,M12,2026-01-01,25,22,1.5
DEMO-028,BL,2025-01-01,28,25,0.5
DEMO-028,M12,2026-01-01,25,22,1.5
DEMO-029,BL,2025-01-01,28,25,0.5
DEMO-029,M12,2026-01-01,25,22,1.5
DEMO-030,BL,2025-01-01,28,25,0.5
DEMO-030,M12,2026-01-01,25,22,1.5
DEMO-031,BL,2025-01-01,28,25,0.5
DEMO-031,M12,2026-01-01,25,22,1.5
DEMO-032,BL,2025-01-01,28,25,0.5
DEMO-032,M12,2026-01-01,25,22,1.5
DEMO-033,BL,2025-01-01,28,25,0.5
DEMO-033,M12,2026-01-01,25,22,1.5
DEMO-034,BL,2025-01-01,28,25,0.5
DEMO-034,M12,2026-01-01,25,22,1.5
DEMO-035,BL,2025-01-01,28,25,0.5
DEMO-035,M12,2026-01-01,25,22,1.5
DEMO-036,BL,2025-01-01,28,25,0.5
DEMO-036,M12,2026-01-01,25,22,1.5
DEMO-037,BL,2025-01-01,28,25,0.5
DEMO-037,M12,2026-01-01,25,22,1.5
DEMO-038,BL,2025-01-01,28,25,0.5
DEMO-038,M12,2026-01-01,25,22,1.5
DEMO-039,BL,2025-01-01,28,25,0.5
DEMO-039,M12,2026-01-01,25,22,1.5
DEMO-040,BL,2025-01-01,28,25,0.5
DEMO-040,M12,2026-01-01,25,22,1.5
DEMO-041,BL,2025-01-01,28,25,0.5
DEMO-041,M12,2026-01-01,25,22,1.5
DEMO-042,BL,2025-01-01,28,25,0.5
DEMO-042,M12,2026-01-01,25,22,1.5
DEMO-043,BL,2025-01-01,28,25,0.5
DEMO-043,M12,2026-01-01,25,22,1.5
DEMO-044,BL,2025-01-01,28,25,0.5
DEMO-044,M12,2026-01-01,25,22,1.5
DEMO-045,BL,2025-01-01,28,25,0.5
DEMO-045,M12,2026-01-01,25,22,1.5
DEMO-046,BL,2025-01-01,28,25,0.5
DEMO-046,M12,2026-01-01,25,22,1.5
DEMO-047,BL,2025-01-01,28,25,0.5
DEMO-047,M12,2026-01-01,25,22,1.5
DEMO-048,BL,2025-01-01,28,25,0.5
DEMO-048,M12,2026-01-01,25,22,1.5
DEMO-049,BL,2025-01-01,28,25,0.5
DEMO-049,M12,2026-01-01,25,22,1.5
DEMO-050,BL,2025-01-01,28,25,0.5
DEMO-050,M12,2026-01-01,25,22,1.5
DEMO-051,BL,2025-01-01,28,25,0.5
DEMO-051,M12,2026-01-01,25,22,1.5
DEMO-052,BL,2025-01-01,28,25,0.5
DEMO-052,M12,2026-01-01,25,22,1.5
DEMO-053,BL,2025-01-01,28,25,0.5
DEMO-053,M12,2026-01-01,25,22,1.5
DEMO-054,BL,2025-01-01,28,25,0.5
DEMO-054,M12,2026-01-01,25,22,1.5
DEMO-055,BL,2025-01-01,28,25,0.5
DEMO-055,M12,2026-01-01,25,22,1.5
DEMO-056,BL,2025-01-01,28,25,0.5
DEMO-056,M12,2026-01-01,25,22,1.5
DEMO-057,BL,2025-01-01,28,25,0.5
DEMO-057,M12,2026-01-01,25,22,1.5
DEMO-058,BL,2025-01-01,28,25,0.5
DEMO-058,M12,2026-01-01,25,22,1.5
DEMO-059,BL,2025-01-01,28,25,0.5
DEMO-059,M12,2026-01-01,25,22,1.5
DEMO-060,BL,2025-01-01,28,25,0.5
DEMO-060,M12,2026-01-01,25,22,1.5
DEMO-061,BL,2025-01-01,28,25,0.5
DEMO-061,M12,2026-01-01,25,22,1.5
DEMO-062,BL,2025-01-01,28,25,0.5
DEMO-062,M12,2026-01-01,25,22,1.5
DEMO-063,BL,2025-01-01,28,25,0.5
DEMO-063,M12,2026-01-01,25,22,1.5
DEMO-064,BL,2025-01-01,28,25,0.5
DEMO-064,M12,2026-01-01,25,22,1.5
DEMO-065,BL,2025-01-01,28,25,0.5
DEMO-065,M12,2026-01-01,25,22,1.5
DEMO-066,BL,2025-01-01,28,25,0.5
DEMO-066,M12,2026-01-01,25,22,1.5
DEMO-067,BL,2025-01-01,28,25,0.5
DEMO-067,M12,2026-01-01,25,22,1.5
DEMO-068,BL,2025-01-01,28,25,0.5
DEMO-068,M12,2026-01-01,25,22,1.5
DEMO-069,BL,2025-01-01,28,25,0.5
DEMO-069,M12,2026-01-01,25,22,1.5
DEMO-070,BL,2025-01-01,28,25,0.5
DEMO-070,M12,2026-01-01,25,22,1.5
DEMO-071,BL,2025-01-01,28,25,0.5
DEMO-071,M12,2026-01-01,25,22,1.5
DEMO-072,BL,2025-01-01,28,25,0.5
DEMO-072,M12,2026-01-01,25,22,1.5
DEMO-073,BL,2025-01-01,28,25,0.5
DEMO-073,M12,2026-01-01,25,22,1.5
DEMO-074,BL,2025-01-01,28,25,0.5
DEMO-074,M12,2026-01-01,25,22,1.5
DEMO-075,BL,2025-01-01,28,25,0.5
DEMO-075,M12,2026-01-01,25,22,1.5
DEMO-076,BL,2025-01-01,28,25,0.5
DEMO-076,M12,2026-01-01,25,22,1.5
DEMO-077,BL,2025-01-01,28,25,0.5
DEMO-077,M12,2026-01-01,25,22,1.5
DEMO-078,BL,2025-01-01,28,25,0.5
DEMO-078,M12,2026-01-01,25,22,1.5
DEMO-079,BL,2025-01-01,28,25,0.5
DEMO-079,M12,2026-01-01,25,22,1.5
DEMO-080,BL,2025-01-01,28,25,0.5
DEMO-080,M12,2026-01-01,25,22,1.5
DEMO-081,BL,2025-01-01,28,25,0.5
DEMO-081,M12,2026-01-01,25,22,1.5
DEMO-082,BL,2025-01-01,28,25,0.5
DEMO-082,M12,2026-01-01,25,22,1.5
DEMO-083,BL,2025-01-01,28,25,0.5
DEMO-083,M12,2026-01-01,25,22,1.5
DEMO-084,BL,2025-01-01,28,25,0.5
DEMO-084,M12,2026-01-01,25,22,1.5
DEMO-085,BL,2025-01-01,28,25,0.5
DEMO-085,M12,2026-01-01,25,22,1.5
DEMO-086,BL,2025-01-01,28,25,0.5
DEMO-086,M12,2026-01-01,25,22,1.5
DEMO-087,BL,2025-01-01,28,25,0.5
DEMO-087,M12,2026-01-01,25,22,1.5
DEMO-088,BL,2025-01-01,28,25,0.5
DEMO-088,M12,2026-01-01,25,22,1.5
DEMO-089,BL,2025-01-01,28,25,0.5
DEMO-089,M12,2026-01-01,25,22,1.5
DEMO-090,BL,2025-01-01,28,25,0.5
DEMO-090,M12,2026-01-01,25,22,1.5
DEMO-091,BL,2025-01-01,28,25,0.5
DEMO-091,M12,2026-01-01,25,22,1.5
DEMO-092,BL,2025-01-01,28,25,0.5
DEMO-092,M12,2026-01-01,25,22,1.5
DEMO-093,BL,2025-01-01,28,25,0.5
DEMO-093,M12,2026-01-01,25,22,1.5
DEMO-094,BL,2025-01-01,28,25,0.5
DEMO-094,M12,2026-01-01,25,22,1.5
DEMO-095,BL,2025-01-01,28,25,0.5
DEMO-095,M12,2026-01-01,25,22,1.5
DEMO-096,BL,2025-01-01,28,25,0.5
DEMO-096,M12,2026-01-01,25,22,1.5
DEMO-097,BL,2025-01-01,28,25,0.5
DEMO-097,M12,2026-01-01,25,22,1.5
DEMO-098,BL,2025-01-01,28,25,0.5
DEMO-098,M12,2026-01-01,25,22,1.5
DEMO-099,BL,2025-01-01,28,25,0.5
DEMO-099,M12,2026-01-01,25,22,1.5
DEMO-100,BL,2025-01-01,28,25,0.5
DEMO-100,M12,2026-01-01,25,22,1.5
